Gilgamesh/12_La_nueva_Tablilla_V_de_la_Epopeya_de_Gilgamesh.jpg	File:The Newly Discovered Tablet V of the Epic of Gilgamesh. Meeting Humbaba, with Enkidu, at the Cedar Forest. The Sulaymaniyah Museum, Iraqi Kurdistan.jpg
Ilíada/28_La_embajada_de_Crises_ante_Agamenon.jpg	File:Ambassade Chryses Neapolis.JPG
Ilíada/29_El_sarcofago_de_Aquiles_de_Tiro.jpg	File:Sarcophagus with the legend of Achilleus found in Tyr.jpg
Ilíada/29b_El_sarcofago_de_Aquiles_de_Tiro.jpg	File:Sarcophagus with scenes of the life of Achilles, from the necropolis of Tyre, 2nd century AD, National Museum of Beirut, Lebanon - 49407168193.jpg
Ilíada/30_Hector_reprocha_a_Paris_su_retirada_del_combate.jpg	File:Hector Upbraiding Paris for his Retreat from Battle - Angelica Kauffmann (National Museum of Western Art).jpg
Ilíada/31_Aquiles_enloquecido_por_la_perdida_de_Patroclo_rechaza_el_co.jpg	File:Achilles, frantic for the loss of Patroclus, rejecting the consolation of Thetis 1803 United Kingdom by George Dawe. Gift of the New Zealand Academy of Fine Arts, 1936. Te Papa (1936-0012-83)MA I12.jpg
Génesis/48_La_creacion_de_Eva_en_la_iglesia_de_Narga_Selassie.jpg	File:Ethiopian Church Painting (2381692144).jpg
Génesis/49_El_angel_detiene_la_mano_de_Abraham_en_la_iglesia_de_Narga_S.jpg	File:The Angel Stays Abrahams Hand - Dek Island.jpg
Génesis/50_Adan_y_Eva_con_sus_trece_parejas_de_gemelos_en_la_Zubdetu_t.jpg	File:Muhammad 3.jpg
Génesis/51_Adan_y_Eva_ante_el_arbol_relieve_de_la_iglesia_de_la_Santa_C.jpg	File:Gevaş, isola di akdamar, chiesa armena della santa croce, x secolo, lato nord, 03 eden con adamo ed eva nel peccato originale 2.jpg
Génesis/51b_Adan_y_Eva_ante_el_arbol_relieve_de_la_iglesia_de_la_Santa_C.jpg	File:Akdamar Sacrifice of Isaac relief 047.jpg
Génesis/52_La_Rebeca_velada.jpg	File:The Veiled Rebecca 01.jpg
Génesis/53_Jose_se_da_a_conocer_a_sus_hermanos.jpg	File:Andrea Michieli (known as Andrea Vicentino) - Joseph making himself known to his brothers - M1882-2-1 - Auckland Art Gallery.jpg
Génesis/54_La_huida_de_Lot_y_su_familia_de_Sodoma_segun_Rubens.jpg	File:Jacob Jordaens - The Flight of Lot and His Family from Sodom (after Rubens) - Google Art Project.jpg
Génesis/55_La_muerte_de_Abel.jpg	File:Santiago Rebull - The Death of Abel - Google Art Project.jpg
Génesis/56_Expulsion_del_Paraiso.jpg	File:Expulsión del paraíso de Juan Correa (sin marco).jpg
Génesis/57_La_partida_de_Jacob.jpg	File:Rodolfo Amoedo - A Partida de Jacó , 1884.JPG
Génesis/58_El_regreso_de_Noe_o_de_Abraham_a_la_tierra_de_Canaan.jpg	File:Sinibaldo Scorza - Abraão retorna de Canaã.JPG
Génesis/59_La_entrada_de_los_animales_en_el_arca_de_Noe.jpg	File:Gerolamo Bassano - Entrada de Animais na Arca de Noé, 1590-1620.JPG
Génesis/60_Abel.jpg	File:Abel - Lucio Correa Morales.jpg
Génesis/61_El_sacrificio_de_Isaac.jpg	File:Santiago Rebull - The Sacrifice of Isaac - Google Art Project.jpg
Génesis/62_Presentacion_de_Jacob_a_Isaac.jpg	File:Presentación de Jacob a Isaac.jpg
Génesis/63_El_sacrificio_de_Melquisedec_boceto.jpg	File:Sacrificio de Melquisedec.jpg
Génesis/64_Cain.jpg	File:Caín - Martín Boneo.jpg
Génesis/65_Lot_y_sus_hijas.jpg	File:Jean-François de Troy - Lot and his Daughters, 1745.jpg
Levítico/01_La_consagracion_del_Tabernaculo_y_el_sacerdocio_de_Aaron.jpg	File:Dura-Europos archival photograph, YUAG negative number dam-387~01 -object-id-4207.jpg
Levítico/02_El_chivo_expiatorio.jpg	File:Holeman Hunt - Der Sündenbock.jpeg
Levítico/03_El_sumo_sacerdote_Aaron.jpg	File:The High Priest Aaron - Google Art Project.jpg
Levítico/04_Aaron_ofrece_el_sacrificio_ante_Moises_Andre_de_Corbie_entre.jpg	File:Aaron sacrifiant et Moïse; André de Corbie offrant le livre à Saint-Pierre. Paris, BNF, Ms. Lat. 11564, fol. 2v.jpg
Levítico/05_Inicial_historiada_V_del_Levitico_Moises_ofrece_un_cordero_e.jpg	File:Southern France, Toulouse(?), 13th century - Fol. 36r, Leviticus, historiated initial V, Moses offering a sacrificial la - 2008.2.36.a - Cleveland Museum of Art.tif
Levítico/06_Nadab_y_Abiu_consumidos_por_el_fuego.jpg	File:Nadab en Abihu door vlammen gedood, RP-P-OB-45.823.jpg
Levítico/07_Aaron_revestido_con_el_pectoral_hoshen.jpg	File:Aäron wordt het borstschild (hoshen) aangedaan, RP-P-OB-44.900.jpg
Levítico/08_La_ofrenda_de_las_dos_aves_puras_el_leproso_el_dia_de_su_pur.jpg	File:Melaatse op de dag van zijn reiniging De offerhande van de twee reine vogelen (titel op object), RP-P-1905-828.jpg
Levítico/09_El_altar_de_cuernos_de_Tel_Beerseba.jpg	File:Samuel and Saidye Bronfman Archaeology WingDSCN4918.JPG
Levítico/09b_El_altar_de_cuernos_de_Tel_Beerseba.jpg	File:Altar from Tel Be'er-Sheva.JPG
Éxodo/01_El_paso_del_mar_Rojo_Ritual_de_Vardan.jpg	File:Crossing the Red Sea, Roslin, 1266.jpg
Éxodo/02_El_arcangel_Miguel_y_el_paso_del_mar_Rojo.jpg	File:Ethiopian - Archangel Michael and the Crossing of the Red Sea - Walters 36131 - Detail B.jpg
Éxodo/02b_El_arcangel_Miguel_y_el_paso_del_mar_Rojo.jpg	File:Ethiopian - Archangel Michael and the Crossing of the Red Sea - Walters 36131.jpg
Éxodo/03_Asiya_y_sus_doncellas_encuentran_a_Moises_en_el_Nilo.jpg	File:Edinburgh Oriental Manuscript 20 fol 9r.jpg
Éxodo/04_La_Hagada_de_las_cabezas_de_pajaro_la_preparacion_de_la_mats.jpg	File:Scribe- Menahem - The Birds' Head Haggadah - Google Art Project.jpg
Éxodo/05_El_angel_Yibril_Gabriel_trae_a_Musa_las_leyes_de_Dios.jpg	File:Spencer Coll. Persian MS. 46 fol 90v Musa receives the Tawrat.jpg
Éxodo/06_Moises_con_las_tablas_de_la_Ley.jpg	File:Moisés por Antonio Sinchi Roca.jpg
Éxodo/07_La_vara_de_Musa_se_convierte_en_dragon_ante_los_magos_del_fa.jpg	File:Berlin, Pertsch Persisch 1016 fol 106v Musa magic battle.jpg
Éxodo/08_Moises_se_descalza_ante_la_zarza_ardiente.jpg	File:Moses & Bush Icon Sinai c12th century.jpg
Éxodo/09_Las_plagas_de_Egipto_ranas_piojos_fieras_y_peste_Hagada_de_O.jpg	File:Golden Haggadah - Plagues of Egypt.jpg
Éxodo/10_Moises.jpg	File:San Pietro in Vincole May 2022-3.jpg
Éxodo/11_La_adoracion_del_becerro_de_oro.jpg	File:Nicolas Poussin - The Adoration of the Golden Calf alt.jpg
Éxodo/12_Moises_con_las_tablas_de_la_Ley.jpg	File:Rembrandt - Moses with the Ten Commandments - Google Art Project.jpg
Éxodo/13_El_arca_de_la_alianza_con_los_querubines.jpg	File:Germigny-des-Prés - Église de la Très-Sainte-Trinité 08.jpg
