Génesis/14_Adan_y_Eva_Lucas_Cranach_el_Viejo_1538.jpg	File:Lucas Cranach the Elder - Adam and Eve - Google Art Project.jpg
Génesis/15_Adan_y_Eva_Grabado_Alberto_Durero_1504.jpg	File:Albrecht Dürer, Adam and Eve, 1504, Engraving.jpg
Génesis/15b_Adan_y_Eva_Alberto_Durero_1507.jpg	File:Albrecht Dürer - Adam and Eve (Prado).jpg
Génesis/16_El_Anciano_de_los_Dias_William_Blake_1794.jpg	File:William Blake - Europe. A Prophecy, Frontispiece Proof Impression - Google Art Project.jpg
Génesis/17_El_Sacrificio_de_Isaac_Caravaggio_1603.jpg	File:Sacrifice of Isaac-Caravaggio (Uffizi).jpg
Génesis/18_El_Sacrificio_de_Isaac_Rembrandt_1635.jpg	File:Rembrandt Abraham's Sacrifice (Hermitage).jpg
Génesis/19_La_Trinidad_de_Abraham_Andrei_Rublev_1425.jpg	File:Andrey Rublev - Св. Троица - Google Art Project.jpg
Génesis/20_Jacob_Luchando_con_el_Angel_Eugene_Delacroix_1861.jpg	File:Eugène Delacroix — Jacob Wrestling with the Angel.jpg
Génesis/21_Jacob_Luchando_con_el_Angel_Rembrandt_1659.jpg	File:Rembrandt - Jacob Wrestling with the Angel - Google Art Project.jpg
Génesis/22_La_Vision_tras_el_Sermon_Paul_Gauguin_1888.jpg	File:La vision après le sermon (Paul Gauguin).jpg
Génesis/23_Agar_en_el_Desierto_Camille_Corot_1835.jpg	File:Hagar in the Wilderness MET DT2013.jpg
Génesis/24_La_Tunica_de_Jose_Diego_Velazquez_1630.jpg	File:Diego Velázquez 065.jpg
Génesis/25_La_Destruccion_de_Sodoma_y_Gomorra_John_Martin_1852.jpg	File:John Martin - Sodom and Gomorrah.jpg
Génesis/26_El_Jardin_de_las_Delicias_El_Bosco_1505.jpg	File:The Garden of Earthly Delights by Bosch High Resolution.jpg
