Gilgamesh/01_Tablilla_XI_del_Diluvio_Biblioteca_de_Asurbanipal_650aC.jpg	File:Tablet XI or the Flood Tablet of the Epic of Gilgamesh, currently housed in the British Museum in London.jpg
Gilgamesh/01b_Tablilla_XI_del_Diluvio_Detalle_Biblioteca_de_Asurbanipal_650aC.jpg	File:Library of Ashurbanipal The Flood Tablet.jpg
Gilgamesh/02_Gilgamesh_Dominando_un_Leon_Khorsabad_713aC.jpg	File:Hero mastering a lion, AO19862 (1817).jpg
Gilgamesh/02b_Gilgamesh_Dominando_un_Leon_Vista_de_Sala_Khorsabad_713aC.jpg	File:Hero mastering a lion-AO 19862-Paris 2016 (30109929844).jpg
Gilgamesh/03_Gilgamesh_y_Huwawa_Relieve_Babilonico_1800aC.jpg	File:Gilgamesh and Huwawa Ashmolean.jpg
Gilgamesh/04_Mascara_de_Humbaba_Ur_1800aC.jpg	File:Terracotta mask of Humbaba (Huwawa). From Ur, Iraq. Old-Babylonian period 2004-1595 BCE. Sulaymaniyah Museum.jpg
Gilgamesh/05_Tablilla_del_Sueno_de_Gilgamesh_1600aC.jpg	File:Gilgamesh Dream Tablet.jpg
Gilgamesh/06_Relieve_de_la_Reina_de_la_Noche_Babilonia_1750aC.jpg	File:Queen of the night relief - British Museum.jpg
Gilgamesh/07_Vaso_de_Warka_Uruk_3000aC.jpg	File:Warka vase (background retouched).jpg
Gilgamesh/07b_Vaso_de_Warka_Registro_Superior_Uruk_3000aC.jpg	File:Top register, Warka Vase, Uruk, c. 3000 BCE, Iraq Museum.jpg
Gilgamesh/08_Lamassu_del_Palacio_de_Sargon_II_Khorsabad_713aC.jpg	File:Lamassu (Winged Bull) of Throne Room of Palace of Sargon II, Khorsabad, Assyria (27681700183).jpg
Gilgamesh/09_Sello_Cilindrico_del_Heroe_y_el_Toro_Acadio_2300aC.jpg	File:Nude bearded hero wrestling with water buffalo, bull man fighting lion, Mesopotamia, Akkadian period, c. 2334-2154 BC, serpentine cylinder seal - Morgan Library & Museum - New York City - DSC06594.jpg
Gilgamesh/11_El_Toro_Celeste_Placa_Votiva_Bruselas_2250aC.jpg	File:O.1054 color.jpg
