Ilíada/01_Aquiles_y_Ayax_Jugando_a_los_Dados_Exekias_540aC.jpg	File:Achilles and Ajax playing dice, Attic black-figured amphora, signed by Exekias as both painter and potter, 540-530 BC, inv. 16757 - Museo Gregoriano Etrusco - Vatican Museums - DSC01049.jpg
Ilíada/01b_Aquiles_y_Ayax_Jugando_a_los_Dados_Detalle_Exekias_540aC.jpg	File:Achilles and Ajax playing dice, detail, Attic black-figured amphora, signed by Exekias as both painter and potter, 540-530 BC, inv. 16757 - Museo Gregoriano Etrusco - Vatican Museums - DSC01051.jpg
Ilíada/02_Jupiter_y_Tetis_Ingres_1811.jpg	File:Jean Auguste Dominique Ingres - Jupiter et Thétis 01.jpg
Ilíada/02b_Jupiter_y_Tetis_Detalle_Ingres_1811.jpg	File:Jean Auguste Dominique Ingres - Jupiter et Thétis 02.jpg
Ilíada/03_La_Colera_de_Aquiles_Jacques_Louis_David_1819.jpg	File:Jacques-Louis David - The Anger of Achilles - Google Art Project.jpg
Ilíada/04_Andromaca_Llorando_a_Hector_Jacques_Louis_David_1783.jpg	File:Jacques-Louis David - The Grief of Andromache - WGA06106.jpg
Ilíada/05_El_Triunfo_de_Aquiles_Franz_von_Matsch_1892.jpg	File:The Triumph of Achilles by Franz von Matsch.jpg
Ilíada/06_Aquiles_Llorando_a_Patroclo_Gavin_Hamilton_1763.jpg	File:Achilles Lamenting the Death of Patroclus by Gavin Hamilton the National Galleries of Scotland.jpg
Ilíada/07_Priamo_Pide_a_Aquiles_el_Cuerpo_de_Hector_Alexander_Ivanov_1824.jpg	File:Alexandr Ivanov 005.jpg
Ilíada/08_La_Procesion_del_Caballo_de_Troya_Giandomenico_Tiepolo_1760.jpg	File:Giovanni Domenico Tiepolo - The Procession of the Trojan Horse in Troy - WGA22382.jpg
Ilíada/08b_La_Construccion_del_Caballo_de_Troya_Giandomenico_Tiepolo_1760.jpg	File:GD Tiepolo Construction du cheval de Troie.jpg
Ilíada/09_El_Juicio_de_Paris_Peter_Paul_Rubens_1635.jpg	File:Rubens - Judgement of Paris.jpg
Ilíada/10_Mascara_de_Agamenon_Micenas_1550aC.jpg	File:Gold death-mask known as ‘Mask of Agamemnon,’ Mycenae, Grave Circle A, Grave V, 16th cent. BC. (28423089016).jpg
Ilíada/10b_Mascara_de_Agamenon_Vista_Frontal_Micenas_1550aC.jpg	File:Funeral mask Mycenae "Agamemnon", NAMA 624, 225545.jpg
Ilíada/11_Puerta_de_los_Leones_Micenas_1250aC.jpg	File:Lion Gate, Mycenae, 201505.jpg
Ilíada/12_Casco_de_Colmillos_de_Jabali_Micenas_1400aC.jpg	File:Mycenaean boar's tusk helmet at the National Archaeological Museum of Athens on October 6, 2021.jpg
Ilíada/13_Laocoonte_y_sus_Hijos_Escuela_de_Rodas_40aC.jpg	File:Laocoon and His Sons, Vatican.jpg
Ilíada/14_Fronton_del_Templo_de_Afaya_Egina_490aC.jpg	File:Aphaia pediment Laomedon E-XI Glyptothek Munich 85 n2.jpg
Ilíada/15_Murallas_de_Troya_Hisarlik_2500aC.jpg	File:Legendary walls of Troy (8708672267).jpg
